Learning and Education | 🌸12*1.* 6*Broaden your horizons*🌸👉: | Notes:✦ To expand your knowledge, experience, or understanding of the world; More advanced than "4*learn more*" or "4*get new experiences*"; 7*Useful in Part 1 and Part 2:* travel, education, or personal growth | Example:✦ One of the main reasons I decided to study abroad was to 20*broaden my horizons* and gain a completely different perspective on my subject. | 🌸12*2.* 6*Acquire knowledge*🌸👉: | Notes:✦ Better alternative to "4*get knowledge*" or "4*learn things*"; Implies a deliberate and active process of building expertise | Example:✦ University gives students the opportunity to 20*acquire knowledge* in their chosen field. They can also explore areas they might not have considered before.| 🌸12*3.* 6*Fulfil your potential*🌸👉: | Notes:✦ To achieve what you are truly capable of; Carries a sense of ambition and personal development; 7*Particularly effective in Part 3:* abstract ideas about education, society, or human development | Example:✦ I believe that a supportive learning environment is really important if students are going to 20*fulfil their potential*. It helps them go on to do meaningful work.








Work and Career | 🌸12*4.* 6*Meet a deadline*🌸👉: | Notes:✦ To complete a task or piece of work by the required time; Used frequently by native speakers in professional contexts; 7*Ideal for Part 2:* describing a 4*work experience* or 4*a challenge you overcame* | Example:✦ One of the most challenging aspects of my previous job was managing multiple projects at once. I had to make sure I 20*met the deadlines*, even when things became unexpectedly complicated. | 🌸12*5.* 6*Make a significant contribution*🌸👉: | Notes:✦ To do something that has a meaningful and positive impact in a particular area; Sounds quite formal | Example:✦ I think the most fulfilling aspect of working in healthcare is knowing that you are 20*making a significant contribution* to people's lives on a daily basis. | 🌸12*6.* 6*Face a challenge*🌸👉: | Notes:✦ To encounter a difficulty or obstacle that requires effort and determination to overcome; More advanced than "19*have a problem*"; 7*Particularly useful in Part 2:* describing 19*a difficult experience* or 19*a time when you had to persevere*  | Example:✦ When I first started my career, I 20*faced a number of challenges* that I hadn't anticipated. However, each one taught me something valuable about my own resilience. | 🌸12*7.* 6*Express your views*🌸👉: | Notes:✦ To communicate your opinions or feelings on a topic clearly and confidently; More advanced alternative to "19*say what you think*"; Helps introduce your perspective in a smooth and confident way  | Example:✦ In a healthy workplace, employees should feel comfortable 20*expressing their views* on how company policies can be improved. | 🌸12*8.* 6*Raise awareness*🌸👉: | Notes:✦ To help people understand the importance or seriousness of a particular issue; Highlights topics people might not have considered before; Comes up naturally when discussing 19*environmental topics, health, social issues, and technology*: common themes in 7*Part 3* | Example:✦ Social media has played a powerful role in 20*raising awareness* of mental health issues among young people. I think it has had a positive impact on society. | 🌸12*9.* 6*Have a profound impact*🌸👉: | Notes:✦ Advanced alternative to "19*have a big effect*"; To have a strong and significant effect on something or someone | Example:✦ Living abroad for two years 20*had a profound impact* on the way I see the world. It also changed the way I interact with people from different cultures. | 🌸12*10.* 6*Come to terms with*🌸👉: | Notes:✦ To gradually accept a difficult or challenging situation; Usually applies to a situation that cannot be changed; 7*Particularly powerful in Part 2:* describing 19*personal experiences* and 19*reflecting on emotions and reactions* | Example:✦ After moving to a completely new country, it took me quite a long time to 20*come to terms with* being so far away from my family. | 🌸12*11.* 6*Take something for granted*🌸👉: | Notes:✦ To fail to appreciate how valuable or important something is; Usually because you have always had it; Works well for 7*big-picture ideas:* 19*global issues, inequality, or the environment* | Example:✦ I think many people in wealthy countries 20*take* access to clean water 20*for granted*. They often do so without realising how many communities struggle to find safe drinking water every day. | 🌸12*12.* 6*Strike a balance*🌸👉: | Notes:✦ To find a middle point between 4*two contrasting needs or priorities*; Ensures neither side is neglected; Ideal for 7*Part 3:* 19*work-life balance, technology*, or 19*the pressures of contemporary life* | Example:✦ One of the biggest challenges facing modern workers is learning how to 20*strike a balance* between their professional responsibilities and their personal wellbeing. | 🌸12*13.* 6*Spark an interest*🌸👉: | Notes:✦ To cause someone to become interested in or curious about something; Often refers to the very first time they feel that curiosity ; More advanced alternative to "4*make someone interested*"; Helpful in 7*Part 2*: describing 19*a person who influenced you or a hobby you enjoy* | Example:✦ It was my secondary school history teacher who first 20*sparked my interest* in archaeology. Her passion for the subject was completely infectious. | 🌸12*14.* 6*Gain hands-on experience*🌸👉: | Notes:✦ To learn by actually doing something in a practical setting, rather than just studying theory; Sounds natural and polished in both professional and educational contexts; Works well in 7*Part 3:* 19*education, employment*, or 19*developing skills* | Example:✦ I believe that internships are invaluable because they give students the chance to 20*gain hands-on experience* in their chosen field before they actually graduate.

Society, the environment, and global issues | 🌸12*15.* 6*Address a problem*🌸👉: | Notes:✦  | Example:✦

🌸12*16.* 6*Pose a threat*🌸👉: | Notes:✦  | Example:✦
🌸12*17.* 6*Play a vital role*🌸👉: | Notes:✦  | Example:✦
🌸12*18.* 6*Exert pressure on*🌸👉: | Notes:✦  | Example:✦
🌸12*19.* 6*Undergo a transformation*🌸👉: | Notes:✦  | Example:✦
🌸12*20.* 6*Foster a sense of*🌸👉: | Notes:✦  | Example:✦